星期	序号	profile_id	病毒中文主题	病毒英文主题	目标实体层级	主题检索范围	核心身份锚点_可进入OR	成员或亚型身份锚点_可进入OR	疾病锚点	上下文词_只能AND	禁止单独使用词	排除范围_NOT候选	PubMed高精度查询骨架	新闻高精度查询骨架	建议权威网站
周一	1	seasonal_influenza	季节性流感病毒	Seasonal influenza viruses	病毒主题（人季节性甲/乙型流感）	聚焦人群季节性 Influenza A/B 及其流行、抗原演化、疫苗和治疗；不以禽流感、猪流感或 Influenza C/D 为主体。	"seasonal influenza"; "influenza A virus"; "influenza B virus"; "human influenza A virus"; "human influenza B virus"	"A(H1N1)pdm09"; "A(H3N2)"; "B/Victoria lineage"	"seasonal influenza"; "human influenza"; "influenza infection"	antigenic drift; vaccine effectiveness; antiviral resistance; oseltamivir; hemagglutinin; neuraminidase; reassortment; ILI; SARI	influenza; IAV; IBV; HA; NA; M1; M2; NS1; PB1; PB2; PA; ILI; SARI	avian influenza; H5N1; H5N6; H7N9; H9N2; swine influenza; influenza C virus; influenza D virus（仅在严格季节性人流感模式中排除）	(("seasonal influenza"[Title/Abstract] OR "influenza A virus"[Title/Abstract] OR "influenza B virus"[Title/Abstract] OR "A(H1N1)pdm09"[Title/Abstract] OR "A(H3N2)"[Title/Abstract]) AND {{DATE_FILTER}}) NOT (avian influenza[Title/Abstract] OR swine influenza[Title/Abstract])	("seasonal influenza" OR "influenza A virus" OR "influenza B virus" OR "A(H1N1)pdm09" OR "A(H3N2)") AND (outbreak OR surveillance OR vaccine OR cases)	WHO Seasonal influenza=https://www.who.int/news-room/fact-sheets/detail/influenza-%28seasonal%29 | CDC About Influenza=https://www.cdc.gov/flu/about/index.html | ViralZone Orthomyxoviridae=https://viralzone.expasy.org/223
周一	2	sars_cov_2	SARS-CoV-2	Severe acute respiratory syndrome coronavirus 2	具体病毒及其疾病	聚焦 SARS-CoV-2/COVID-19；不将其他冠状病毒、SARS-CoV-1 或 MERS-CoV 默认纳入。	"SARS-CoV-2"; "severe acute respiratory syndrome coronavirus 2"; "COVID-19"; "coronavirus disease 2019"	"Betacoronavirus pandemicum"（正式物种层级词，仅作补充）	"COVID-19"; "coronavirus disease 2019"	variant; lineage; spike protein; receptor-binding domain; ACE2; TMPRSS2; wastewater surveillance; genomic surveillance; immune escape; neutralizing antibody	S protein; N protein; M protein; E protein; RBD; ACE2; TMPRSS2; ORF1ab; RdRp; variant; lineage; clade; coronavirus	SARS-CoV-1; SARS coronavirus; MERS-CoV; Middle East respiratory syndrome coronavirus; bovine coronavirus; feline coronavirus	(("SARS-CoV-2"[Title/Abstract] OR "severe acute respiratory syndrome coronavirus 2"[Title/Abstract] OR "COVID-19"[Title/Abstract]) AND {{DATE_FILTER}}) NOT ("SARS-CoV-1"[Title/Abstract] OR "MERS-CoV"[Title/Abstract])	("SARS-CoV-2" OR "COVID-19") AND (outbreak OR surveillance OR variant OR vaccine OR transmission OR cases)	ICTV Coronaviridae=https://ictv.global/report/chapter/coronaviridae/coronaviridae | ViralZone Betacoronavirus=https://viralzone.expasy.org/764?outline=all_by_species | CDC About COVID-19=https://www.cdc.gov/covid/about/index.html
周一	3	respiratory_syncytial_virus	呼吸道合胞病毒	Respiratory syncytial virus	具体人病毒	聚焦人呼吸道合胞病毒及 RSV-A/RSV-B；不将牛、羊等动物 RSV 纳入。	"respiratory syncytial virus"; "human respiratory syncytial virus"; "RSV infection"	"RSV-A"; "RSV-B"; "HRSV-A"; "HRSV-B"	"respiratory syncytial virus infection"; "RSV bronchiolitis"	bronchiolitis; lower respiratory tract infection; infant hospitalization; older adults; maternal vaccination; nirsevimab; palivizumab; fusion protein	RSV; HRSV; F protein; G protein; N protein; P protein; L protein; M2-1; bronchiolitis; LRTI	bovine respiratory syncytial virus; ovine respiratory syncytial virus; bovine RSV; BRSV	(("respiratory syncytial virus"[Title/Abstract] OR "human respiratory syncytial virus"[Title/Abstract] OR ("RSV"[Title/Abstract] AND (virus[Title/Abstract] OR infection[Title/Abstract]))) AND {{DATE_FILTER}}) NOT ("bovine respiratory syncytial virus"[Title/Abstract])	("respiratory syncytial virus" OR "RSV infection") AND (outbreak OR surveillance OR hospitalization OR vaccine OR nirsevimab)	ICTV Pneumoviridae=https://ictv.global/report/chapter/pneumoviridae/pneumoviridae | ViralZone Pneumoviridae=https://viralzone.expasy.org/7877 | CDC About RSV=https://www.cdc.gov/rsv/about/index.html
周二	4	human_metapneumovirus	人偏肺病毒	Human metapneumovirus	具体人病毒	聚焦 human metapneumovirus；不把 avian metapneumovirus 或泛 Metapneumovirus 结果纳入。	"human metapneumovirus"; "human metapneumovirus infection"	"HMPV-A"; "HMPV-B"; "hMPV A1"; "hMPV A2"; "hMPV B1"; "hMPV B2"	"human metapneumovirus infection"; "HMPV infection"	bronchiolitis; pneumonia; acute respiratory infection; pediatric respiratory infection; older adults; immunocompromised; fusion protein	HMPV; hMPV; A1; A2; B1; B2; F protein; G protein; SH protein; N protein; P protein	avian metapneumovirus; turkey rhinotracheitis virus; avian pneumovirus	(("human metapneumovirus"[Title/Abstract] OR ("HMPV"[Title/Abstract] AND (virus[Title/Abstract] OR infection[Title/Abstract]))) AND {{DATE_FILTER}}) NOT ("avian metapneumovirus"[Title/Abstract])	("human metapneumovirus" OR ("HMPV" AND (virus OR infection))) AND (outbreak OR surveillance OR cases OR hospitalization)	ICTV Pneumoviridae=https://ictv.global/report/chapter/pneumoviridae/pneumoviridae | ViralZone Pneumoviridae=https://viralzone.expasy.org/7877 | CDC Human Metapneumovirus=https://www.cdc.gov/human-metapneumovirus/about/index.html
周二	5	human_adenovirus	人腺病毒	Human adenoviruses	人腺病毒类群	聚焦感染人的腺病毒及具体 HAdV 型别；排除动物腺病毒和仅作为基因治疗载体的文章，除非主题明确要求。	"human adenovirus"; "human adenoviruses"; "human adenoviral infection"	"HAdV-3"; "HAdV-4"; "HAdV-7"; "HAdV-14"; "HAdV-21"; "HAdV-40"; "HAdV-41"; "human adenovirus species A"; "human adenovirus species B"; "human adenovirus species C"; "human adenovirus species D"; "human adenovirus species E"; "human adenovirus species F"; "human adenovirus species G"	"adenovirus infection"; "adenoviral conjunctivitis"; "adenoviral gastroenteritis"	acute respiratory disease; epidemic keratoconjunctivitis; pharyngoconjunctival fever; gastroenteritis; hexon; penton base; fiber protein; recombinant adenovirus	adenovirus; HAdV; hexon; fiber; penton; E1A; E1B; E3; species A; species B; species C	canine adenovirus; bovine adenovirus; porcine adenovirus; fowl adenovirus; adenoviral vector; gene therapy vector（后两项仅在感染监测模式中排除）	(("human adenovirus"[Title/Abstract] OR "human adenoviruses"[Title/Abstract] OR "HAdV-3"[Title/Abstract] OR "HAdV-7"[Title/Abstract] OR "HAdV-41"[Title/Abstract]) AND {{DATE_FILTER}}) NOT (canine adenovirus[Title/Abstract] OR bovine adenovirus[Title/Abstract] OR fowl adenovirus[Title/Abstract])	("human adenovirus" OR "HAdV-3" OR "HAdV-7" OR "HAdV-41") AND (outbreak OR infection OR surveillance OR cases)	ICTV Adenoviridae=https://ictv.global/report/chapter/adenoviridae/adenoviridae | ViralZone Adenoviridae=https://viralzone.expasy.org/4 | CDC About Adenovirus=https://www.cdc.gov/adenovirus/about/index.html
周二	6	human_enterovirus	人肠道病毒	Human enteroviruses	人非脊髓灰质炎肠道病毒类群	默认聚焦 non-polio human enteroviruses，尤其 EV-A71、EV-D68、CV-A6、CV-A16 等；脊髓灰质炎病毒另建 profile。	"human enterovirus"; "human enteroviruses"; "non-polio enterovirus"; "nonpolio enterovirus"	"EV-A71"; "enterovirus A71"; "EV-D68"; "enterovirus D68"; "coxsackievirus A6"; "CV-A6"; "coxsackievirus A16"; "CV-A16"; echovirus	"hand foot and mouth disease"; "acute flaccid myelitis"; "enterovirus infection"; "aseptic meningitis"	HFMD; AFM; encephalitis; VP1; capsid; 3C protease; 3D polymerase; genotype; recombinant; outbreak	enterovirus; NPEV; HFMD; AFM; VP1; VP2; VP3; VP4; IRES; 2Apro; 3Cpro; 3Dpol; echovirus	poliovirus; poliomyelitis; porcine enterovirus; bovine enterovirus; simian enterovirus（非脊灰公共卫生模式）	(("non-polio enterovirus"[Title/Abstract] OR "nonpolio enterovirus"[Title/Abstract] OR "EV-A71"[Title/Abstract] OR "enterovirus A71"[Title/Abstract] OR "EV-D68"[Title/Abstract] OR "enterovirus D68"[Title/Abstract] OR "coxsackievirus A6"[Title/Abstract] OR "coxsackievirus A16"[Title/Abstract]) AND {{DATE_FILTER}}) NOT (poliovirus[Title/Abstract] OR porcine enterovirus[Title/Abstract])	("non-polio enterovirus" OR "EV-A71" OR "EV-D68" OR "coxsackievirus A6" OR "coxsackievirus A16") AND (outbreak OR cases OR surveillance OR "hand foot and mouth disease" OR "acute flaccid myelitis")	ICTV Picornaviridae=https://ictv.global/report/chapter/picornaviridae/picornaviridae | CDC Non-Polio Enterovirus=https://www.cdc.gov/non-polio-enterovirus/about/index.html | NCBI Bookshelf Enterovirus=https://www.ncbi.nlm.nih.gov/books/NBK562330/
周三	7	norovirus	诺如病毒	Norovirus	人诺如病毒主题	聚焦 human norovirus 及人群胃肠炎暴发；排除鼠诺如病毒和其他动物诺如病毒。	"norovirus"; "human norovirus"; "Norwalk virus"; "norovirus infection"	"Norovirus GI"; "Norovirus GII"; "GII.4 norovirus"; "norovirus GII.4"	"norovirus gastroenteritis"; "acute gastroenteritis" AND norovirus	foodborne outbreak; waterborne outbreak; healthcare-associated outbreak; environmental persistence; VP1; VP2; HBGA; genogroup; genotype; genomic surveillance	HuNoV; GI; GII; GII.4; VP1; VP2; VPg; RdRp; HBGA; acute gastroenteritis; vomiting disease	murine norovirus; mouse norovirus; bovine norovirus; canine norovirus; porcine norovirus	(("norovirus"[Title/Abstract] OR "human norovirus"[Title/Abstract] OR "Norwalk virus"[Title/Abstract]) AND {{DATE_FILTER}}) NOT ("murine norovirus"[Title/Abstract] OR "bovine norovirus"[Title/Abstract])	("norovirus" OR "Norwalk virus") AND (outbreak OR gastroenteritis OR cases OR foodborne OR school OR hospital)	ICTV Caliciviridae=https://ictv.global/report/chapter/caliciviridae/caliciviridae | ViralZone Norovirus=https://viralzone.expasy.org/194?outline=all_by_species | CDC About Norovirus=https://www.cdc.gov/norovirus/about/index.html
周三	8	measles_virus	麻疹病毒	Measles virus	具体病毒及疾病	聚焦 measles virus/measles；排除犬瘟热等其他 Morbillivirus。	"measles virus"; measles	"measles genotype" AND (B3 OR D8 OR genotype)	"measles"; "subacute sclerosing panencephalitis"	outbreak; elimination; vaccine-preventable; two-dose vaccination; SSPE; CD150; SLAMF1; nectin-4; genotype	MeV; Morbillivirus; H protein; F protein; N protein; P protein; M protein; L protein; V protein; C protein; SSPE	canine distemper virus; peste des petits ruminants virus; rinderpest virus; cetacean morbillivirus	(("measles virus"[Title/Abstract] OR measles[Title/Abstract]) AND {{DATE_FILTER}}) NOT ("canine distemper virus"[Title/Abstract])	(measles OR "measles virus") AND (outbreak OR cases OR vaccination OR elimination OR surveillance)	ICTV Paramyxoviridae=https://ictv.global/report/chapter/paramyxoviridae/paramyxoviridae | ViralZone Morbillivirus=https://viralzone.expasy.org/86?outline=all_by_species | WHO Measles=https://www.who.int/news-room/fact-sheets/detail/measles
周三	9	human_papillomavirus	人乳头瘤病毒	Human papillomaviruses	人乳头瘤病毒类群	聚焦 human papillomavirus、具体型别及相关疾病；不使用泛 Papillomaviridae 单独检索。	"human papillomavirus"; "human papillomaviruses"; "HPV infection"	"HPV16"; "HPV 16"; "HPV18"; "HPV 18"; "HPV31"; "HPV33"; "HPV45"; "HPV6"; "HPV11"; "high-risk HPV"; "oncogenic HPV"	"cervical intraepithelial neoplasia"; "HPV-associated cervical cancer"; "HPV-associated anal cancer"; "HPV-associated oropharyngeal cancer"; "genital warts"	persistent infection; vaccination; cervical screening; L1; L2; E6; E7; genotype; integration; oncogenic	HPV; CIN; L1; L2; E1; E2; E4; E5; E6; E7; cervical cancer; anal cancer; oropharyngeal cancer	bovine papillomavirus; canine papillomavirus; equine papillomavirus; papillomavirus-like particle without human context	(("human papillomavirus"[Title/Abstract] OR "HPV16"[Title/Abstract] OR "HPV18"[Title/Abstract] OR "high-risk HPV"[Title/Abstract]) AND {{DATE_FILTER}}) NOT ("bovine papillomavirus"[Title/Abstract])	("human papillomavirus" OR "HPV infection" OR "HPV16" OR "HPV18") AND (vaccine OR screening OR cancer OR prevalence OR prevention)	ICTV Papillomaviridae=https://ictv.global/report/chapter/papillomaviridae/papillomaviridae | ViralZone Papillomaviridae=https://viralzone.expasy.org/5 | CDC About HPV=https://www.cdc.gov/hpv/about/index.html | WHO Cervical Cancer=https://www.who.int/news-room/fact-sheets/detail/cervical-cancer
周四	10	dengue_virus	登革病毒	Dengue virus	具体病毒类群及疾病	聚焦四种登革病毒血清型和登革热；排除其他黄病毒，除非比较研究。	"dengue virus"; dengue; "dengue infection"	"DENV-1"; "DENV-2"; "DENV-3"; "DENV-4"; "dengue virus 1"; "dengue virus 2"; "dengue virus 3"; "dengue virus 4"	"severe dengue"; "dengue hemorrhagic fever"; "dengue shock syndrome"	Aedes aegypti; Aedes albopictus; mosquito-borne; vector surveillance; serotype replacement; antibody-dependent enhancement; NS1; envelope protein	DENV; ADE; E protein; C protein; prM; NS1; NS2A; NS2B; NS3; NS4A; NS4B; NS5; Flavivirus; Orthoflavivirus	Zika virus; yellow fever virus; West Nile virus; Japanese encephalitis virus（仅在非比较性登革主题中排除）	(("dengue virus"[Title/Abstract] OR dengue[Title/Abstract] OR "DENV-1"[Title/Abstract] OR "DENV-2"[Title/Abstract] OR "DENV-3"[Title/Abstract] OR "DENV-4"[Title/Abstract]) AND {{DATE_FILTER}})	("dengue virus" OR dengue OR "DENV-1" OR "DENV-2" OR "DENV-3" OR "DENV-4") AND (outbreak OR cases OR transmission OR surveillance OR vaccine)	ICTV Flaviviridae=https://ictv.global/report/chapter/flaviviridae/flaviviridae | ViralZone Orthoflavivirus=https://viralzone.expasy.org/24?outline=all_by_species | WHO Dengue=https://www.who.int/news-room/fact-sheets/detail/dengue-and-severe-dengue | CDC About Dengue=https://www.cdc.gov/dengue/about/index.html
周四	11	chikungunya_virus	基孔肯雅病毒	Chikungunya virus	具体病毒及疾病	聚焦 chikungunya virus/chikungunya；不使用 Alphavirus 或 Togaviridae 单独检索。	"chikungunya virus"; chikungunya; "chikungunya fever"	"ECSA lineage" AND chikungunya; "Asian lineage" AND chikungunya; "West African lineage" AND chikungunya; "Indian Ocean lineage" AND chikungunya	"chikungunya fever"; "chikungunya infection"; "chronic chikungunya arthritis"	Aedes aegypti; Aedes albopictus; mosquito-borne; acute arthralgia; chronic arthropathy; E1-A226V; vector competence; outbreak	CHIKV; ECSA; E1; E2; nsP1; nsP2; nsP3; nsP4; Alphavirus; Togaviridae; arthralgia	O’nyong-nyong virus; Mayaro virus; Ross River virus; Sindbis virus（仅在非比较性主题中排除）	(("chikungunya virus"[Title/Abstract] OR chikungunya[Title/Abstract] OR ("CHIKV"[Title/Abstract] AND virus[Title/Abstract])) AND {{DATE_FILTER}})	("chikungunya virus" OR chikungunya) AND (outbreak OR cases OR transmission OR surveillance OR vaccine)	ICTV Togaviridae=https://ictv.global/report/chapter/togaviridae/togaviridae | ViralZone Alphavirus=https://viralzone.expasy.org/625 | WHO Chikungunya=https://www.who.int/news-room/fact-sheets/detail/chikungunya | CDC About Chikungunya=https://www.cdc.gov/chikungunya/about/index.html
周四	12	avian_influenza	禽流感病毒	Avian influenza A viruses	人兽共患禽源甲型流感类群	聚焦 H5/H7/H9 等具有人兽共患和公共卫生意义的 avian influenza A viruses；不把普通季节性人流感作为主体。	"avian influenza"; "avian influenza A virus"; "avian influenza virus"; "bird flu"; "zoonotic influenza"	"H5N1"; "H5N6"; "H5N8"; "H5Nx"; "H7N9"; "H7N4"; "H9N2"; "highly pathogenic avian influenza"; "low pathogenic avian influenza"	"human infection with avian influenza"; "zoonotic avian influenza"	HPAI; LPAI; poultry outbreak; wild bird surveillance; spillover; mammalian adaptation; reassortment; PB2-E627K; PB2-D701N	AIV; HPAI; LPAI; H5; H7; H9; HA; NA; PB2; PB1; PA; NP; M1; M2; NS1; bird flu（最好与 avian influenza 组合）	seasonal influenza; swine influenza; equine influenza; canine influenza（严格禽流感模式）	(("avian influenza"[Title/Abstract] OR "avian influenza A virus"[Title/Abstract] OR "H5N1"[Title/Abstract] OR "H5N6"[Title/Abstract] OR "H7N9"[Title/Abstract] OR "H9N2"[Title/Abstract]) AND {{DATE_FILTER}}) NOT ("seasonal influenza"[Title/Abstract])	("avian influenza" OR "bird flu" OR "H5N1" OR "H5N6" OR "H7N9" OR "H9N2") AND (outbreak OR human case OR poultry OR wild bird OR spillover)	WHO Avian and Other Zoonotic Influenza=https://www.who.int/news-room/fact-sheets/detail/influenza-%28avian-and-other-zoonotic%29 | CDC About Bird Flu=https://www.cdc.gov/bird-flu/about/index.html | ViralZone Orthomyxoviridae=https://viralzone.expasy.org/223 | ViralZone H5N1=https://viralzone.expasy.org/130?outline=all_by_species
周五	13	hantavirus	汉坦病毒	Hantaviruses	人致病正汉坦病毒类群	聚焦与 HFRS/HPS/HCPS 相关的 orthohantaviruses 和主要人类病原；非哺乳动物 hantavirus 默认排除。	"hantavirus"; "orthohantavirus"; "hantavirus infection"	"Hantaan virus"; "Seoul virus"; "Puumala virus"; "Dobrava-Belgrade virus"; "Sin Nombre virus"; "Andes virus"	"hemorrhagic fever with renal syndrome"; "hantavirus pulmonary syndrome"; "hantavirus cardiopulmonary syndrome"	HFRS; HPS; HCPS; rodent reservoir; aerosolized rodent excreta; capillary leak; thrombocytopenia; renal syndrome; S segment; M segment; L segment	HTNV; SEOV; PUUV; DOBV; SNV; ANDV; HFRS; HPS; HCPS; N protein; Gn; Gc; RdRp; S segment; M segment; L segment	fish hantavirus; reptile hantavirus; insect hantavirus; non-mammalian hantavirus（人类疾病模式）	(("hantavirus"[Title/Abstract] OR "orthohantavirus"[Title/Abstract] OR "Hantaan virus"[Title/Abstract] OR "Seoul virus"[Title/Abstract] OR "Puumala virus"[Title/Abstract] OR "Sin Nombre virus"[Title/Abstract] OR "Andes virus"[Title/Abstract]) AND {{DATE_FILTER}})	("hantavirus" OR "Hantaan virus" OR "Seoul virus" OR "Puumala virus" OR "Sin Nombre virus" OR "Andes virus") AND (outbreak OR case OR infection OR rodent OR surveillance)	ICTV Hantaviridae=https://ictv.global/report/chapter/hantaviridae/hantaviridae | ICTV Orthohantavirus=https://ictv.global/report/chapter/hantaviridae/hantaviridae/mammantavirinae/orthohantavirus | ViralZone Orthohantavirus=https://viralzone.expasy.org/213 | CDC About Hantavirus=https://www.cdc.gov/hantavirus/about/index.html
周五	14	sftsv	发热伴血小板减少综合征病毒	Severe fever with thrombocytopenia syndrome virus	具体病毒及疾病	聚焦 SFTSV/Bandavirus dabieense 及 SFTS；不使用 Bandavirus、SFTS、DBV 单独检索。	"severe fever with thrombocytopenia syndrome virus"; "SFTS virus"; "Bandavirus dabieense"; "Dabie bandavirus"	"SFTSV" AND (virus OR infection); "DBV" AND (bandavirus OR virus)	"severe fever with thrombocytopenia syndrome"; "SFTS disease"	Haemaphysalis longicornis; Asian longhorned tick; tick-borne; thrombocytopenia; leukopenia; person-to-person transmission; nosocomial transmission; NSs; Gn; Gc	SFTSV; SFTS; DBV; Bandavirus; L segment; M segment; S segment; N protein; NSs; Gn; Gc; thrombocytopenia; leukopenia	Heartland virus; Guertu virus; Bhanja virus; Dabie Mountains geography-only results	(("severe fever with thrombocytopenia syndrome virus"[Title/Abstract] OR "SFTS virus"[Title/Abstract] OR "Bandavirus dabieense"[Title/Abstract] OR "Dabie bandavirus"[Title/Abstract] OR ("SFTSV"[Title/Abstract] AND (virus[Title/Abstract] OR infection[Title/Abstract]))) AND {{DATE_FILTER}})	("severe fever with thrombocytopenia syndrome virus" OR "SFTS virus" OR "Bandavirus dabieense" OR ("SFTSV" AND virus)) AND (case OR outbreak OR tick OR transmission OR surveillance)	ICTV Phenuiviridae=https://ictv.global/report/chapter/phenuiviridae/phenuiviridae | NCBI Taxonomy Bandavirus dabieense=https://www.ncbi.nlm.nih.gov/Taxonomy/Browser/wwwtax.cgi?id=2509281&mode=Info | Hong Kong CHP SFTS=https://www.chp.gov.hk/en/healthtopics/content/24/109322.html | China CDC SFTS=https://en.chinacdc.cn/in_focus/202405/t20240529_282916.html
周五	15	mpox_virus	猴痘病毒（Mpox病毒）	Mpox virus	具体病毒及疾病	聚焦 mpox virus/monkeypox virus 及 mpox；其他 orthopoxviruses 仅在比较或鉴别诊断时纳入。	"mpox virus"; "monkeypox virus"; mpox; monkeypox	"MPXV" AND (virus OR mpox); "clade I" AND (mpox OR monkeypox); "clade Ib" AND (mpox OR monkeypox); "clade II" AND (mpox OR monkeypox)	"mpox"; "monkeypox"	zoonotic transmission; close contact; sexual transmission; lesion swab; genomic surveillance; tecovirimat; MVA-BN; JYNNEOS; clade I; clade Ib; clade II	MPXV; clade I; clade Ia; clade Ib; clade II; PCR; rash; lymphadenopathy; Orthopoxvirus; Poxviridae	variola virus; smallpox; cowpox virus; vaccinia virus; molluscum contagiosum virus（严格 mpox 模式）	(("mpox virus"[Title/Abstract] OR "monkeypox virus"[Title/Abstract] OR mpox[Title/Abstract] OR monkeypox[Title/Abstract]) AND {{DATE_FILTER}})	("mpox virus" OR "monkeypox virus" OR mpox OR monkeypox) AND (outbreak OR cases OR transmission OR clade OR vaccine)	ViralZone Orthopoxvirus=https://viralzone.expasy.org/149 | ViralZone Poxvirus Resource=https://viralzone.expasy.org/9957 | WHO Mpox=https://www.who.int/news-room/fact-sheets/detail/mpox | CDC About Mpox=https://www.cdc.gov/monkeypox/about/index.html
周六	16	nipah_virus	尼帕病毒	Nipah virus	具体病毒及疾病	聚焦 Nipah virus/Nipah virus infection；不把其他 Henipavirus 默认纳入。	"Nipah virus"; "Nipah virus infection"; "Nipah virus disease"	"NiV-Malaysia"; "NiV-Bangladesh"; ("NiV" AND "Nipah")	"Nipah virus encephalitis"; "Nipah virus infection"	Pteropus; fruit bat; flying fox; pig amplification host; raw date palm sap; person-to-person transmission; nosocomial transmission; ephrin-B2; ephrin-B3	NiV; NiV-M; NiV-B; Henipavirus; G protein; F protein; N protein; P protein; V protein; W protein; C protein; encephalitis	Hendra virus; Cedar virus; Ghanaian bat henipavirus; Mojiang virus（严格 Nipah 模式）	(("Nipah virus"[Title/Abstract] OR "Nipah virus infection"[Title/Abstract] OR ("NiV"[Title/Abstract] AND Nipah[Title/Abstract])) AND {{DATE_FILTER}})	("Nipah virus" OR "Nipah virus infection") AND (outbreak OR case OR transmission OR encephalitis OR surveillance)	ICTV Henipavirus=https://ictv.global/report/chapter/paramyxoviridae/paramyxoviridae/henipavirus | WHO Nipah Virus=https://www.who.int/news-room/fact-sheets/detail/nipah-virus | CDC About Nipah Virus=https://www.cdc.gov/nipah-virus/about/index.html | CDC Clinical Overview=https://www.cdc.gov/nipah-virus/hcp/clinical-overview/index.html
周六	17	arenaviridae	沙粒病毒科	Arenaviridae	人类相关哺乳沙粒病毒白名单主题	公共卫生检索仅聚焦 Mammarenavirus 中已知或重点关注的人类病原。不得用 Arenaviridae 单独作为唯一身份词，不默认纳入 Reptarenavirus、Hartmanivirus、Antennavirus。	"mammarenavirus"; "human arenavirus"; "arenavirus infection"; "arenaviral hemorrhagic fever"	"Lassa virus"; "lymphocytic choriomeningitis virus"; "Junín virus"; "Junin virus"; "Machupo virus"; "Guanarito virus"; "Sabiá virus"; "Sabia virus"; "Chapare virus"; "Lujo virus"	"Lassa fever"; "lymphocytic choriomeningitis"; "Argentine hemorrhagic fever"; "Bolivian hemorrhagic fever"; "Venezuelan hemorrhagic fever"; "Brazilian hemorrhagic fever"; "Chapare hemorrhagic fever"; "Lujo hemorrhagic fever"	Old World arenavirus; New World arenavirus; rodent reservoir; rodent-borne; L segment; S segment; glycoprotein precursor; nucleoprotein; matrix protein Z; viral hemorrhagic fever	Arenaviridae; arenavirus; LASV; LCMV; JUNV; MACV; GTOV; SABV; CHAPV; LUJV; GPC; NP; Z protein; L polymerase; hemorrhagic fever	Reptarenavirus; Hartmanivirus; Antennavirus; snake arenavirus; inclusion body disease; fish arenavirus; plant virus; Tacaribe virus（除非比较研究）	(("Lassa virus"[Title/Abstract] OR "lymphocytic choriomeningitis virus"[Title/Abstract] OR "Junín virus"[Title/Abstract] OR "Junin virus"[Title/Abstract] OR "Machupo virus"[Title/Abstract] OR "Guanarito virus"[Title/Abstract] OR "Sabiá virus"[Title/Abstract] OR "Sabia virus"[Title/Abstract] OR "Chapare virus"[Title/Abstract] OR "Lujo virus"[Title/Abstract] OR ("mammarenavirus"[Title/Abstract] AND (human[Title/Abstract] OR hemorrhagic[Title/Abstract]))) AND {{DATE_FILTER}}) NOT (Reptarenavirus[Title/Abstract] OR Hartmanivirus[Title/Abstract] OR Antennavirus[Title/Abstract])	("Lassa virus" OR "Lassa fever" OR "lymphocytic choriomeningitis virus" OR "Junin virus" OR "Machupo virus" OR "Guanarito virus" OR "Chapare virus" OR "Lujo virus") AND (outbreak OR case OR infection OR transmission OR surveillance)	ICTV Arenaviridae=https://ictv.global/report/chapter/arenaviridae/arenaviridae | ICTV Mammarenavirus=https://ictv.global/report/chapter/arenaviridae/arenaviridae/mammarenavirus | ViralZone Arenaviridae=https://viralzone.expasy.org/501?outline=all_by_species | WHO Lassa Fever=https://www.who.int/news-room/fact-sheets/detail/lassa-fever
周六	18	ebola_viruses	埃博拉病毒类群	Ebola viruses	埃博拉病毒属相关人类病原类群	聚焦导致或可能导致人类 Ebola disease 的具体 ebolaviruses；各病毒名称保持独立，不将全部结果改写成 Ebola virus。	"Ebola virus"; "Ebola virus disease"; "Ebola disease"; ebolavirus	"Sudan virus"; "Bundibugyo virus"; "Taï Forest virus"; "Tai Forest virus"; "Reston virus"; "Bombali virus"; "Zaire ebolavirus"	"Ebola virus disease"; "Ebola disease"; "Sudan virus disease"	viral hemorrhagic fever; body fluids; healthcare-associated transmission; safe burial; contact tracing; rVSV-ZEBOV; monoclonal antibody; genomic surveillance	EBOV; EVD; SUDV; BDBV; TAFV; RESTV; BOMV; GP; NP; VP24; VP30; VP35; VP40; L polymerase; Filoviridae	Marburg virus; Ravn virus; cuevavirus（严格 ebolavirus 模式）	(("Ebola virus"[Title/Abstract] OR "Ebola virus disease"[Title/Abstract] OR "Sudan virus"[Title/Abstract] OR "Bundibugyo virus"[Title/Abstract] OR "Taï Forest virus"[Title/Abstract] OR "Reston virus"[Title/Abstract] OR "Bombali virus"[Title/Abstract]) AND {{DATE_FILTER}}) NOT ("Marburg virus"[Title/Abstract])	("Ebola virus" OR "Ebola virus disease" OR "Sudan virus" OR "Bundibugyo virus") AND (outbreak OR case OR transmission OR vaccine OR treatment)	ViralZone Filoviridae=https://viralzone.expasy.org/23?outline=all_by_species | ViralZone Ebolavirus Resource=https://viralzone.expasy.org/11865 | WHO Ebola Disease=https://www.who.int/news-room/fact-sheets/detail/ebola-disease | CDC Ebola Basics=https://www.cdc.gov/ebola/about/index.html
周日	19	marburg_virus	马尔堡病毒	Marburg virus	马尔堡病毒类群及疾病	聚焦 Marburg virus、Ravn virus 和 Marburg virus disease；排除 ebolaviruses。	"Marburg virus"; "Marburg virus disease"; "Marburg disease"	"Ravn virus"; ("MARV" AND "Marburg"); ("RAVV" AND "Ravn")	"Marburg virus disease"; "Marburg hemorrhagic fever"	Egyptian rousette; Rousettus aegyptiacus; cave exposure; mine exposure; body fluids; contact tracing; safe burial; genomic surveillance	MARV; RAVV; MVD; GP; NP; VP24; VP30; VP35; VP40; L polymerase; Orthomarburgvirus; Filoviridae	Ebola virus; Sudan virus; Bundibugyo virus; ebolavirus	(("Marburg virus"[Title/Abstract] OR "Ravn virus"[Title/Abstract] OR "Marburg virus disease"[Title/Abstract]) AND {{DATE_FILTER}}) NOT ("Ebola virus"[Title/Abstract])	("Marburg virus" OR "Ravn virus" OR "Marburg virus disease") AND (outbreak OR case OR transmission OR contact tracing)	ViralZone Filoviridae=https://viralzone.expasy.org/23?outline=all_by_species | ViralZone Orthomarburgvirus=https://viralzone.expasy.org/224 | WHO Marburg Virus Disease=https://www.who.int/news-room/fact-sheets/detail/marburg-virus-disease | CDC About Marburg=https://www.cdc.gov/marburg/about/index.html
周日	20	rabies_virus	狂犬病病毒	Rabies virus	具体病毒及疾病	聚焦 Rabies virus/rabies；其他 lyssaviruses 仅在比较、暴露或鉴别诊断时纳入。	"rabies virus"; rabies; "rabies infection"	"Lyssavirus rabies"（正式分类补充）	"rabies"; "rabies encephalitis"; "human rabies"	animal bite; saliva exposure; dog-mediated rabies; bat rabies; post-exposure prophylaxis; pre-exposure prophylaxis; rabies immunoglobulin; mass dog vaccination; One Health	RABV; Lyssavirus; N protein; P protein; M protein; G protein; L protein; PEP; PrEP; RIG; hydrophobia; aerophobia	Australian bat lyssavirus; European bat lyssavirus; Lagos bat virus; Mokola virus（严格 Rabies virus 模式；暴露监测时勿排除）	(("rabies virus"[Title/Abstract] OR rabies[Title/Abstract] OR "human rabies"[Title/Abstract]) AND {{DATE_FILTER}})	("rabies virus" OR rabies OR "human rabies") AND (case OR exposure OR bite OR vaccination OR post-exposure prophylaxis)	ViralZone Lyssavirus=https://viralzone.expasy.org/22?outline=all_by_species | ViralZone Rabies Virus=https://viralzone.expasy.org/222 | WHO Rabies=https://www.who.int/news-room/fact-sheets/detail/rabies | CDC About Rabies=https://www.cdc.gov/rabies/about/index.html
周日	21	hepatitis_b_virus	乙型肝炎病毒	Hepatitis B virus	具体病毒及疾病	聚焦 HBV/hepatitis B 及其慢性感染、肝硬化、肝癌、疫苗与治疗；其他肝炎病毒不默认纳入。	"hepatitis B virus"; "hepatitis B"; "HBV infection"; "chronic hepatitis B"; "acute hepatitis B"	"HBV genotype A"; "HBV genotype B"; "HBV genotype C"; "HBV genotype D"; "HBV genotype E"; "HBV genotype F"; "HBV genotype G"; "HBV genotype H"; "HBV genotype I"; "HBV genotype J"	"chronic hepatitis B"; "acute hepatitis B"; "HBV-associated hepatocellular carcinoma"; "HBV-related cirrhosis"	HBsAg; HBeAg; HBcAg; HBV DNA; cccDNA; pgRNA; HBx; mother-to-child transmission; vaccination; tenofovir; entecavir	HBV; HBsAg; HBeAg; HBcAg; anti-HBc; anti-HBs; cccDNA; rcDNA; pgRNA; HBx; HCC; genotype A; genotype B	hepatitis C virus; hepatitis A virus; hepatitis E virus（严格 HBV 模式；HDV 合并感染不宜默认排除）	(("hepatitis B virus"[Title/Abstract] OR "hepatitis B"[Title/Abstract] OR "HBV infection"[Title/Abstract] OR "chronic hepatitis B"[Title/Abstract]) AND {{DATE_FILTER}}) NOT ("hepatitis C virus"[Title/Abstract])	("hepatitis B virus" OR "hepatitis B" OR "HBV infection") AND (vaccine OR treatment OR prevalence OR screening OR elimination)	ViralZone Hepadnaviridae=https://viralzone.expasy.org/9 | ViralZone Orthohepadnavirus=https://viralzone.expasy.org/101?outline=all_by_species | WHO Hepatitis B=https://www.who.int/news-room/fact-sheets/detail/hepatitis-b | CDC Hepatitis B Basics=https://www.cdc.gov/hepatitis-b/about/index.html
